{"loss": [7.158746719360352, 6.521594524383545, 6.192154407501221, 6.008935928344727, 5.8973612785339355, 5.813211917877197, 5.745402812957764, 5.687570095062256, 5.64300537109375, 5.594509124755859, 5.559161186218262, 5.524790287017822, 5.494176387786865, 5.464811325073242, 5.4391679763793945, 5.416536331176758, 5.391875743865967, 5.368875503540039, 5.353953838348389, 5.334893226623535, 5.31519889831543, 5.298794746398926, 5.2842698097229, 5.273012638092041, 5.258463382720947, 5.24483585357666], "val_loss": [6.860830307006836, 6.476437568664551, 6.260965824127197, 6.154376029968262, 6.093977928161621, 6.051562309265137, 6.023547649383545, 6.000920295715332, 5.9896626472473145, 5.982280254364014, 5.972963333129883, 5.970785140991211, 5.9660186767578125, 5.967312812805176, 5.963916301727295, 5.9629411697387695, 5.971717357635498, 5.976446628570557, 5.979774475097656, 5.977662563323975, 5.985409736633301, 5.992386817932129, 6.003316402435303, 5.999881267547607, 5.998607158660889, 6.0069050788879395]}