{"loss": [7.312366008758545, 6.8155012130737305, 6.530496120452881, 6.340635299682617, 6.199267387390137, 6.100257396697998, 6.029815673828125, 5.973959445953369, 5.927765846252441, 5.889620780944824, 5.856489658355713, 5.825946807861328, 5.7992448806762695, 5.774755001068115, 5.752383708953857, 5.732883930206299, 5.715940952301025, 5.698633193969727, 5.6830267906188965, 5.6698222160339355, 5.652535438537598, 5.643416404724121, 5.630017280578613, 5.616197109222412, 5.606001853942871, 5.594980239868164, 5.587602615356445, 5.57928991317749, 5.570456504821777, 5.5606513023376465, 5.553358554840088, 5.54442834854126, 5.53788423538208, 5.532059669494629, 5.527258396148682, 5.516559600830078, 5.513821125030518, 5.504988670349121, 5.505268573760986, 5.495065212249756, 5.492709636688232, 5.4879150390625, 5.481709957122803, 5.47492790222168, 5.473970890045166, 5.464705467224121, 5.461575031280518], "val_loss": [7.110898971557617, 6.770934104919434, 6.572842597961426, 6.411095142364502, 6.296967029571533, 6.22504997253418, 6.175845146179199, 6.13923978805542, 6.111642837524414, 6.082869052886963, 6.069881916046143, 6.058706283569336, 6.042713165283203, 6.034840106964111, 6.029792785644531, 6.019778728485107, 6.01092004776001, 6.012411117553711, 6.008986473083496, 6.004718780517578, 6.005486488342285, 6.001126766204834, 5.9995808601379395, 6.001664161682129, 5.997631072998047, 5.996130466461182, 5.993681907653809, 5.995174884796143, 5.9946393966674805, 5.996186256408691, 5.993624687194824, 5.9953789710998535, 5.997690200805664, 5.9941229820251465, 5.990838527679443, 5.993985176086426, 5.987699508666992, 5.994096755981445, 5.991714954376221, 5.993321418762207, 5.991668224334717, 5.995352745056152, 5.9946794509887695, 5.9978928565979, 5.997347354888916, 5.999544143676758, 5.998330593109131]}